ticker,date,time,title,compound
GOOG,2023-08-20,02:55PM,Americas Tech Giants Rush to Comply With New Curbs in Europe,0.0
GOOG,2023-08-19,07:04PM,Mohnish Pabrais 10 Biggest Investments in 10 Years,0.0
GOOG,2023-08-18,08:50PM,UPDATE 2-California regulator probes crashes involving GM's Cruise robotaxis,0.0
GOOG,2023-08-17,07:51PM,Netflix's Top Stories: Cloud Gaming and Stranger Things,0.2023
GOOG,2023-08-16,11:26PM,Alphabets Verily Plans Cost Cuts Amid Pressure on Other Bets to Rein In Spending,-0.5267
GOOG,2023-08-15,06:01PM,"Google to train 20,000 Nigerians in digital skills",0.0
GOOG,2023-08-14,06:02PM,Bill Ackman's Q2 2023 13F Filing Update: Key Trades and Portfolio Overview,0.0
GOOG,2023-08-13,10:51PM,Google-backed Anthropic raises $100 million from South Korea's SK Telecom,0.0
AMZN,2023-08-20,02:35PM,Warren Buffetts 11 Growth Stock Picks,0.3818
AMZN,2023-08-19,11:15AM,2 Artificial Intelligence (AI) Growth Stocks That Could Join Apple Stock in the $3 Trillion Club by 2030,0.7845
AMZN,2023-08-18,07:10PM,Why Are Stocks Moving Lower?,-0.296
AMZN,2023-08-17,11:12PM,Q2 2023 Children's Place Inc Earnings Call,0.0
AMZN,2023-08-16,08:42PM,Best Strong Buy Stocks for a Stock Picker's Market,0.8176
AMZN,2023-08-15,06:02PM,Winner Sells All Review: Battle of Bricks and Clicks,0.296
AAPL,2023-08-20,04:23PM,10 Stocks ChatGPT Said Will Make Me Rich in 10 Years,0.5574
AAPL,2023-08-19,11:15AM,2 Artificial Intelligence (AI) Growth Stocks That Could Join Apple Stock in the $3 Trillion Club by 2030,0.7845
AAPL,2023-08-18,05:15PM,1 Top Tech Stock to Buy During a Recession,-0.25
AAPL,2023-08-17,06:21PM,Apple should buy ESPN from Disney: Analyst,0.0
AAPL,2023-08-16,08:52PM,Apple's Stock Top Legal News Today: US iPhone Settlement and UK Encryption Controversies,0.3182
AAPL,2023-08-15,04:19PM,Norways $1.4 Trillion Wealth Fund Returns 10% on Tech Surge,0.4939
AAPL,2023-08-14,09:24PM,"Investors Look at Apple, Amazon, and More",0.1779
AAPL,2023-08-13,07:11AM,"1 Magnificent Warren Buffett Stock That Turned $10,000 Into $68,000",0.5994
AAPL,2023-08-12,03:09PM,Samsung Galaxy Z Flip 5 review: Foldables are here to stay,0.0
AAPL,2023-08-11,09:00PM,Amazon Wants You to Pay With Your Palm. Its a Sneak Attack on Apple and Google.,-0.4215
MSFT,2023-08-20,04:23PM,10 Stocks ChatGPT Said Will Make Me Rich in 10 Years,0.5574
MSFT,2023-08-19,09:41AM,"Got $5,000? Buy These 2 Stocks and Hold Until Retirement.",0.0
MSFT,2023-08-18,02:55PM,Best Dow Jones Stocks To Buy And Watch In August 2023: Apple Reverses,0.6369
MSFT,2023-08-17,06:01PM,"Are AI job wages of up to $900,000 justified?",0.4019
MSFT,2023-08-16,12:01PM,25 Countries that Give the Most Foreign Aid Per Capita,0.0
MSFT,2023-08-15,04:19PM,Norways $1.4 Trillion Wealth Fund Returns 10% on Tech Surge,0.4939
MSFT,2023-08-14,08:41PM,Steven Cohen's Q2 2023 13F Filing Update: Top Trades and Portfolio Overview,0.2023
MSFT,2023-08-13,01:18PM,Goldman Sachs Tech Stocks: Top 12 Stock Picks,0.2023
MSFT,2023-08-12,12:05PM,Lina Khan: The most feared person in Big Tech is a 34-year-old in DC,-0.5413
MSFT,2023-08-11,05:59PM,12 Undervalued Blue Chip Stocks To Buy According to Wall Street Analysts,0.0
MSFT,2023-08-10,09:57PM,UPDATE 1-Microsoft's role in data breach part of US cyber inquiry -Bloomberg News,0.0
TSLA,2023-08-20,09:00AM,Michael Burrys Top 10 Stock Picks For Q3,0.2023
TSLA,2023-08-19,12:48PM,"Tesla data breach affects 75,735 people, state attorney general announces",0.0
TSLA,2023-08-18,05:17PM,Tesla Stock Went Down Again for a New Reason. Heres Where Its Going.,0.0
TSLA,2023-08-17,11:35PM,Elon Musk Arrives in Japan for First Visit in Nine Years,0.0
TSLA,2023-08-16,08:00PM,EV Maker VinFast Bags Huge Valuation in SPAC-Mania Redux,0.3182
TSLA,2023-08-15,05:39PM,"Homebuilder sentiment falls, VinFast stock pops, Tesla's cheaper models: Top Stories",0.2023
NFLX,2023-08-19,09:15AM,You Don't Have to Pick a Winner in Streaming. Here's Why,0.5859
NFLX,2023-08-18,11:30AM,Why Is Netflix (NFLX) Down 7.9% Since Last Earnings Report?,0.0
NFLX,2023-08-17,07:51PM,Netflix's Top Stories: Cloud Gaming and Stranger Things,0.2023
NFLX,2023-08-16,08:02PM,Netflix has a troubling new problem on its hands,-0.7351
NFLX,2023-08-15,03:11PM,Traditional TV 'past the point of no return' as viewership hits record low,-0.5106
NFLX,2023-08-14,05:12PM,"Netflix's launches video game streaming service beta for Canada, U.K. users",0.0
NFLX,2023-08-13,06:05AM,CEO Bob Iger's 3 Big Gambits Could Spell Trouble for Disney,-0.4019
NFLX,2023-08-12,09:00AM,Hollywood calls time on golden era of cheap streaming,0.0
NFLX,2023-08-11,10:55PM,Hollywood writers to evaluate counterproposal from studios,0.0
NFLX,2023-08-10,05:09PM,NFL to raise prices of streaming packages,0.0
NFLX,2023-08-09,07:38PM,Disney hints at upcoming streaming password sharing crackdown,0.4215
NFLX,2023-08-08,04:20PM,"Paramount earnings: Streamers' growth is 'certainly slowing,' analyst explains",0.6124
NFLX,2023-08-07,04:48PM,"Paramount stock pops on earnings, KKR to buy Simon & Schuster",0.0
NFLX,2023-08-04,05:02PM,3 New Additions to the Zacks Rank Investors Cannot Miss,0.1139
NFLX,2023-08-03,04:10PM,Soundstages Were Already Reeling Before This Summer of Strikes. Now What?,-0.3612
NFLX,2023-08-02,08:23AM,Will Spotify Ever Turn a Profit?,0.4404
NFLX,2023-08-01,09:29AM,"Company News for Aug 1, 2023",0.0
NFLX,2023-07-31,11:14AM,"Netflix Makes a Change to Its Controversial $900,000 Job Posting",-0.2023
NFLX,2023-07-30,11:27AM,"3 Reasons to Buy Roku Stock, and 1 Reason to Sell",0.0
NFLX,2023-07-29,12:58AM,Heres What Makes Netflix (NFLX) a Worthy Investment,0.4404
NFLX,2023-07-28,09:00PM,How Netflixs Algorithms and Tech Feed Its Success,0.5719
NFLX,2023-07-27,10:46PM,RPT-Disney's Hotstar India streaming service plans to limit account sharing -sources,0.4215
META,2023-08-20,02:55PM,Americas Tech Giants Rush to Comply With New Curbs in Europe,0.0
META,2023-08-19,11:47AM,Its Not Too Late: Heres How to Get In on the $725 Million Facebook Settlement.,0.0
META,2023-08-18,06:15PM,Facebook delivers a hard-nosed warning to its workers,-0.34
META,2023-08-16,10:30AM,Nvidia's earnings will be the AI hype cycles biggest test,0.0
META,2023-08-15,07:58PM,"Musk's X delays access to content on Reuters, NY Times, social media rivals",0.0
META,2023-08-14,06:32PM,Biographer Walter Isaacson Discusses Elon Musk's Leadership Style and Role Model,0.0
META,2023-08-13,03:55PM,25 Countries with Most Instagram Users in 2023,0.0
META,2023-08-12,12:05PM,Lina Khan: The most feared person in Big Tech is a 34-year-old in DC,-0.5413
META,2023-08-11,03:56PM,Musk vs. Zuckerberg: Tech CEOs post updates on likelihood of a fight,-0.3818
META,2023-08-10,06:57PM,The Chan Zuckerberg Initiative Lays Off Dozens Amid Meta's Cost-Cutting Push,0.0
META,2023-08-09,04:32PM,Is Aptos the New Way to Play the AI Boom?,0.34
META,2023-08-08,05:33PM,"Zoom, Other Remote-Work Champions Call Employees Back to the Office",0.5267
META,2023-08-07,05:43PM,Palantir announces $1B buyback program as Q2 earnings meet expectations,0.0
GME,2023-08-18,06:21AM,"Meme stocks ride on, though investors more cautious than GameStop era",-0.1761
GME,2023-08-17,02:36PM,"'Another Meme Bites The Dust': After AMC's Crash, Bond King Bill Gross Warns That GameStop Is Next  Here's His Best Value Stock Pick",0.1027
GME,2023-08-15,02:19PM,"GameStop (GME) Loses -12.53% in 4 Weeks, Here's Why a Trend Reversal May be Around the Corner",-0.3182
GME,2023-08-14,10:47PM,"James Surowiecki Joins Us to Talk About Crypto, Meme Stocks, and Movies",0.0
GME,2023-08-08,09:00AM,This Fellow Has No Interest in Yellow or Any Other Meme Stock,0.2023
GME,2023-08-02,05:03PM,GameStop to End Support of Its Crypto Wallet,0.4019
GME,2023-08-01,04:59PM,"GameStops quest for relevancefollowing meme-stock madnesswont include crypto wallets, which its ending amid regulatory uncertainty",-0.34
GME,2023-07-28,06:31AM,Intel Earnings Show the AI Boom Isnt Everything. Why Thats Good for Apple.,0.4404
GME,2023-07-27,04:30PM,GameStop CFO to quit in second top executive exit in two months,0.2023
GME,2023-07-21,03:59PM,Meta Materials Exposes the Dangers of Meme Stock Investing,-0.5719
GME,2023-07-20,07:45AM,Passport King Builds Quant Trading Fortune,0.0
GME,2023-07-17,05:00AM,"The Zacks Analyst Blog Highlights BJ's Restaurants, Salesforce, Alphabet, Tesla and GameStop",0.0
GME,2023-07-16,12:29PM,7 Doomed Meme Stocks Destined for Disaster,-0.8519
GME,2023-07-14,01:19PM,Caution! Dont Get Greedy With These 3 Growth Stocks.,0.5932
GME,2023-07-12,12:22PM,3 Doomed Gaming Stocks Destined for Disaster,-0.8519
GME,2023-07-11,07:01AM,Exiting the Game: Is It Time to Consider Selling GameStop Stock?,0.0
GME,2023-07-10,10:02AM,GameStop Gloom: Why the Bullish Thesis for GME Stock Falls Short,-0.5574
GME,2023-07-07,11:30AM,Why Is GameStop (GME) Up 6.5% Since Last Earnings Report?,0.0
GME,2023-07-05,06:00AM,7 Meme Stocks to Sell in July Before They Crash and Burn,-0.4019
GME,2023-07-04,05:07PM,3 Meme Stocks to Sell Before They Do Your Portfolio In,0.0
GME,2023-07-03,09:49PM,7 Dead-End Stocks to Sell Before They Dive,0.0
GME,2023-06-28,03:21PM,Hold Your Joysticks: Why Cohens $10M GameStop Buy Is Not Game-On,0.0516
GME,2023-06-21,08:00PM,GME: Lowering target price to $20.00,-0.25
GME,2023-06-20,08:38AM,3 Stocks to Short Before They Sink 75% (or More!),0.0
GME,2023-06-19,08:45AM,Cut Your Losses: Say Goodbye to These 3 Struggling Stocks,-0.765
GME,2023-06-18,05:12PM,"3 Meme Stocks to Sell before You Lose Your Shirt, Shorts and Shoes",-0.4019
GME,2023-06-17,08:15AM,What's Going On With Commercial Real Estate and Regional Banking?,0.0
GME,2023-06-15,01:09PM,Ryan Cohen Rails Against Corporate America at GameStops Annual Meeting,0.0
GME,2023-06-14,07:30PM,The Meme Stock Frenzy is Over: Sell These Seven Now,-0.3182
GME,2023-06-13,05:43PM,Meme Stock GameStop Just Did Something Impressive,0.5106
GME,2023-06-12,12:23PM,GameStop Stock Rallies After Two Directors Bought Shares,0.296
GME,2023-06-10,09:00AM,GameStop Needs Ryan Cohen More Than Ever to Maintain Meme Status,0.0
GME,2023-06-09,11:08AM,Why this market rally is different from the meme trade boom,0.0
GME,2023-06-08,05:21PM,"East Coast smoke, GameStop plummets, Tesla-GM partnership: Top stories",0.2023
PANW,2023-08-20,07:30AM,Palo Alto Networks (PANW) Q4 2023 Earnings Call Transcript,0.0
PANW,2023-08-19,01:00PM,Q4 2023 Palo Alto Networks Inc Earnings Call,0.0
PANW,2023-08-18,06:00PM,"Compared to Estimates, Palo Alto (PANW) Q4 Earnings: A Look at Key Metrics",0.0
PANW,2023-08-17,05:12PM,"Palo Alto earnings, Est√©e Lauder, Biden's Camp David meetings: What to watch",0.0
PANW,2023-08-16,10:13AM,Palo Alto Networks Prisma SASE Recognized as a Leader in Zero Trust Edge Solutions,0.6124
PANW,2023-08-15,01:34PM,Palo Alto (PANW) to Report Q4 Earnings: What's in the Offing?,0.0
PANW,2023-08-14,04:19PM,Eiger BioPharma: Q2 Earnings Snapshot,0.0
PANW,2023-08-13,10:30AM,Bearish Bets: 3 Stocks You Really Should Think About Shorting This Week,0.0
PANW,2023-08-11,06:05PM,"Stock Market Action Plan: Walmart, Target, Home Depot Lead Crucial Week For Retail",0.0
PANW,2023-08-10,05:45PM,Palo Alto Networks (PANW) Outpaces Stock Market Gains: What You Should Know,0.34
PANW,2023-08-09,04:26PM,AppLovin: Q2 Earnings Snapshot,0.0
PANW,2023-08-08,07:21AM,Is It Too Late to Buy Fortinet Stock?,0.0
PANW,2023-08-07,05:43PM,10 Best Cybersecurity ETFs,0.6369
PANW,2023-08-04,04:32PM,Todays Biggest S&P 500 Loser Wasnt a Household Name. It Dragged Down IT Stocks Anyhow,-0.5574
PANW,2023-08-02,08:30AM,"Palo Alto Networks to Announce Fiscal Fourth Quarter and Fiscal Year 2023 Financial Results on Friday, August 18, 2023",0.0
PANW,2023-08-01,09:47AM,Top Stocks From Our Screens: Growth Leaders That Stand Out,0.5267
PANW,2023-07-29,11:34AM,10 Stocks That Will Make You Rich in 2023,0.5574
PANW,2023-07-28,12:41PM,"The Best Stocks to Invest $50,000 In Right Now",0.6369
PANW,2023-07-27,07:00AM,"Palo Alto Networks Introduces CI/CD Security, Becoming the First CNAPP to Extend Security into the Software Delivery Pipeline",0.6705
PANW,2023-07-26,05:36AM,3 Cybersecurity Stocks You Better Be Buying on Each and Every Dip,0.4404
PANW,2023-07-25,04:30PM,Will Palo Alto Networks Stock's Recent Rally Find A Second Wind?,0.0
PANW,2023-07-24,05:45PM,Palo Alto Networks (PANW) Stock Sinks As Market Gains: What You Should Know,0.34
PANW,2023-07-23,07:10AM,3 Things About Microsoft Stock That Smart Investors Know,0.4019
PANW,2023-07-21,05:10AM,Better Cybersecurity Stock: Palo Alto Networks vs. Rapid7,0.4404
PANW,2023-07-18,05:45PM,Palo Alto Networks (PANW) Stock Sinks As Market Gains: What You Should Know,0.34
PANW,2023-07-17,09:00AM,"Investors Heavily Search Palo Alto Networks, Inc. (PANW): Here is What You Need to Know",0.0
PANW,2023-07-16,06:06PM,Why These 3 Stocks Are the Best Ways to Play Cybersecurity Right Now,0.765
PANW,2023-07-14,08:17AM,5 Top Stocks to Tap the Steady Fall in Inflation Rate,0.2023
PANW,2023-07-13,05:55PM,3 Stocks to Buy for Artificial Intelligence (AI) Exposure,0.4767
PANW,2023-07-12,06:18PM,Why Cloudflare and Palo Alto Networks Shares Got Crushed Today,-0.1531
PANW,2023-07-11,05:45PM,Palo Alto Networks (PANW) Outpaces Stock Market Gains: What You Should Know,0.34
PANW,2023-07-09,08:30AM,3 Stocks Poised to Dominate the Second Half of 2023,0.128
PANW,2023-07-07,09:44AM,"The Zacks Analyst Blog Highlights NVIDIA, Palo Alto Networks, Celsius Holdings, Lennar and Kimberly-Clark",0.0
PANW,2023-07-06,10:54AM,PayPal (PYPL) Unveils Tap to Pay for Venmo and Zettle Users,-0.1027
PANW,2023-07-05,05:45PM,Palo Alto Networks (PANW) Gains As Market Dips: What You Should Know,0.34
BUD,2023-08-19,01:34PM,Bud Light appears to have an unlikely new supporter,0.2732
BUD,2023-08-18,03:15PM,Boycotts Hurt Target and Bud Light Sales. Why Theyll Likely Ebb Soon.,-0.7003
BUD,2023-08-17,06:12PM,"UPDATE 1-Mexico's Grupo Modelo, Millfoods to partner on new corn plant",0.0
BUD,2023-08-16,04:58PM,"Target, Much Like Bud Light, Is Stung by Culture Wars",-0.2732
BUD,2023-08-15,11:42AM,20 Countries with Highest Rates of Alcoholism,0.0
BUD,2023-08-14,06:01PM,Bill Gates' Q2 2023 Investment Moves: A Deep Dive,0.0
BUD,2023-08-12,08:02AM,"Molson Coors, Tilray search for next billion-dollar idea in recent booze deals",0.0
BUD,2023-08-11,09:08PM,Why Tilray Brands Stock Soared 14% This Week,0.0
BUD,2023-08-10,02:02PM,Bud Light U.S. Sales Are Down. The Rest of the World Is Buying AB InBev Brands.,0.0
BUD,2023-08-09,05:41AM,"Anheuser-Busch selling Shock Top, Breckinridge to cannabis company Tilray",-0.2023
BUD,2023-08-08,06:28PM,"Bud Light May Never Recover From The Controversy That Cost $400 Million In Lost US Sales   'They Want To Enjoy Their Beer Without A Debate,' Anheuser-Busch CEO Says",0.296
BUD,2023-08-07,05:22PM,"Anheuser-Busch Selling Shock Top, Blue Point to Cannabis Company Tilray",-0.2023
BUD,2023-08-05,01:50PM,Joe Rogan's Surprise Stand On Bud Light Has Megyn Kelly Furious,-0.3818
BUD,2023-08-04,07:09PM,Anheuser-Busch InBev SA/NV (NYSE:BUD) Q2 2023 Earnings Call Transcript,0.0
BUD,2023-08-03,05:33PM,Analyst Report: Anheuser-Busch InBev SA/NV,0.0
BUD,2023-08-02,05:58PM,Bud Light Parent AB InBev Reports Earnings Soon. What Wall Street Expects.,0.0
BUD,2023-08-01,05:59PM,Bud Light's woes become Molson Coors' gain,0.128
BUD,2023-07-31,05:22PM,Molson Coors Results On Tap; AB InBev To Nurse Hangover From Bud Light Boycott,-0.3182
BUD,2023-07-28,04:50PM,25 Most Popular Whiskey Brands in the World,0.4754
WMT,2023-08-20,11:32AM,Walmart has 'upper hand' versus Target in this key area: Analyst,0.4939
WMT,2023-08-19,01:33PM,Target and Walmart have a warning for shoppers,-0.34
WMT,2023-08-18,03:47PM,Save at the Pump Using Walmart+ Gas Discount,0.4939
WMT,2023-08-17,11:03PM,5 big earnings hits: Analysts wary after Cisco's beat; retailers a mixed bag,0.0
WMT,2023-08-16,06:34PM,Q2 Earnings Confirm Improving Growth Trends,0.6597
W,2023-08-17,07:30AM,Can Wayfair Ride the Wave of AI in the Next Market Rally?,0.0
W,2023-08-16,03:12PM,15 Best Performing Stocks in the Last 3 Months,0.6369
W,2023-08-15,03:58PM,Why Investors Need to Take Advantage of These 2 Retail-Wholesale Stocks Now,0.25
W,2023-08-14,01:26PM,Consumer worries: Why the second half of the year could be rough for retailers,-0.4215
W,2023-08-11,12:41PM,Wayfairs Investor Day Has Analysts Feeling Bullish,0.128
W,2023-08-10,06:44PM,Analyst Report: Wayfair Inc.,0.0
W,2023-08-08,07:45AM,Did Wayfair Just Pull Off the Turnaround of the Year?,0.0
W,2023-08-07,01:28PM,Wayfair Stock Edges Higher. Theres a New Bull on Wall Street.,0.0
W,2023-08-04,11:35PM,15 Countries with the Most IKEA Stores Worldwide in 2023,0.0
W,2023-08-03,11:16PM,Q2 2023 Wayfair Inc Earnings Call,0.0
W,2023-08-01,04:34PM,Earnings season winners: Consumer discretionary stocks,0.4767
W,2023-07-31,05:25PM,PetMed (PETS) Reports Break-Even Earnings for Q1,0.0
W,2023-07-28,10:00AM,"2 Reasons to Sell Wayfair Stock, and 1 Reason to Buy",0.0
W,2023-07-25,07:36PM,Wayfairs Chief People Officer Named to Fill Top Marketing Role,0.2023
W,2023-07-24,09:41AM,2 Growth Stocks to Buy Before the Next Bull Market,0.3818
W,2023-07-19,09:53AM,"Wayfair Stock: Buy, Sell, or Hold?",0.0
W,2023-07-17,07:41AM,Where Will Wayfair Be in 5 Years?,0.0
W,2023-07-15,10:00AM,Where Will Wayfair Stock Be in 1 Year?,0.0
W,2023-07-14,09:35AM,Wayfair Inc. (NYSE:W) Looks Just Right With A 37% Price Jump,0.0
W,2023-07-12,10:07AM,1 Red Flag for Wayfair Stock in 2023,0.0
W,2023-07-09,07:25AM,4 Short-Squeeze Stocks Up 78% to 250% and Looking for More,0.0
W,2023-07-07,02:02PM,Why Wayfair Stock Jumped 61% in June,0.0
W,2023-07-06,04:49PM,Why Wayfair Shares Tanked Today,0.296
W,2023-07-05,11:34AM,Analyst Report: Wayfair Inc.,0.0
W,2023-07-03,08:05AM,Weekly Stock List,0.0
W,2023-07-02,08:30AM,"These 2 Super-Cheap Stocks Could Lead to Incredible Gains, but They're Risky",-0.128
W,2023-07-01,11:05AM,Wayfair CEO: AI is helping our human customer service agents 'outperform',0.296
W,2023-06-29,07:00AM,Wayfair Schedules Second Quarter 2023 Earnings Release and Conference Call; Announces Investor Day Event,0.0
W,2023-06-28,10:09AM,Pinterest stocks moves higher on analyst upgrade,0.0
W,2023-06-26,12:56PM,12 Most Undervalued Retail Stocks to Buy According to Hedge Funds,0.0
W,2023-06-23,12:28PM,"CarMax earnings, Starbucks union, Wayfair upgrade, Nikola truck fire: Trending stocks",-0.34
W,2023-06-22,11:55AM,These 3 No-Brainer Stocks Are Leading the Market This Quarter. Can You Still Buy?,0.0
W,2023-06-17,09:06AM,Wayfair Inc. (NYSE:W) Shares Could Be 50% Below Their Intrinsic Value Estimate,0.5574
W,2023-06-14,07:00AM,Wayfair Releases Corporate Responsibility Report,0.0
W,2023-06-09,09:53AM,Where Will Wayfair Stock Be In 3 Years?,0.0
W,2023-06-07,02:19PM,"Wayfair Stock Clears Key Benchmark, Hitting 80-Plus RS Rating",0.0772
W,2023-05-31,06:44PM,Analyst Report: Wayfair Inc.,0.0
W,2023-05-30,12:08PM,Wayfair stock surges after being added to JPMorgan 'analyst focus' list,0.0
W,2023-05-26,08:30AM,"Wayfair: Buy, Sell, or Hold?",0.0
W,2023-05-24,08:55AM,Prediction: These 2 Struggling Stocks Won't Survive a Recession,-0.12
W,2023-05-23,08:54AM,A Bull Market Is Coming: 3 Reasons to Buy Wayfair Stock,0.0
W,2023-05-19,07:03AM,The 3 Best Stocks to Short in May 2023,0.6369
W,2023-05-16,10:05AM,3 Things About Wayfair That Smart Investors Know,0.4019
W,2023-05-12,02:00PM,"JCPenney, Wayfair and 14 Other Retailers Charging Return Fees",0.0
W,2023-05-11,08:54PM,Q1 2023 Katapult Holdings Inc Earnings Call,0.0
W,2023-05-10,07:45AM,Wayfair Burns Cash as Customers Flee,0.0
W,2023-05-08,04:30PM,Wayfair Inc. Announces Proposed Offering of $600 million Convertible Senior Notes,0.0
W,2023-05-06,07:45AM,1 E-Commerce Stock You Might Want to Run Far Away from,0.0772
W,2023-05-05,01:53PM,"Wayfair (W) Q1 Loss Narrower Than Expected, Revenues Decline Y/Y",-0.3182
W,2023-05-04,03:55PM,Analyst Report: Wayfair Inc.,0.0
NVDA,2023-08-20,04:23PM,10 Stocks ChatGPT Said Will Make Me Rich in 10 Years,0.5574
NVDA,2023-08-19,10:05AM,"What Nvidia, Intel, AMD, and TSMC Stock Investors Should Know About Recent Chip Updates",0.0
NVDA,2023-08-18,07:10PM,Why Are Stocks Moving Lower?,-0.296
NVDA,2023-08-17,06:01PM,"Are AI job wages of up to $900,000 justified?",0.4019
NVDA,2023-08-16,09:02PM,NVIDIA's Top Stories: How It's Beating Competition in AI in US and Overseas,-0.296
NVDA,2023-08-15,05:19PM,Nvidia price target raised by analysts ahead of earnings,0.0
